ID,Name,Company,City,Country,Phone Number,Email Address,Website,End Date
1,Andrew Goodman,Stewart-Flynn,Rowlandberg,Macao,846-790-0462,andrew.goodman@gmail.com,stewart-flynn.net,1/1/2025
2,Alvin Lane,"Terry, Proctor and Lawrence",Bethside,Papua New Guinea,124-597-8652,alvin.lane@yahoo.com,terryproctorlawrence.org,1/15/2025
3,Jenna Harding,Bailey Group,Moniquemouth,China,335-987-3085,jenna.harding@outlook.com,baileygroup.info,1/30/2025
4,Fernando Ford,Moss-Maxwell,Leeborough,Macao,47-752-3122,fernando.ford@icloud.com,moss-maxwell.biz,2/14/2025
5,Kara Woods,Mccarthy-Kelley,Port Jacksonland,Nepal,1-360-693-4419,kara.woods@protonmail.com,mccarthy-kelley.co,3/1/2025
6,Marissa Gamble,Cherry and Sons,Webertown,Sudan,1-645-334-5514,marissa.gamble@hotmail.com,cherryandsons.us,3/16/2025
7,Julie Cooley,"Yu, Norman and Sharp",West Sandra,Japan,1-675-243-7422,julie.cooley@live.com,yunormanandsharp.org,3/31/2025
8,Lauren Villa,"French, Travis and Hensley",New Yolanda,Fiji,81-226-1797,lauren.villa@zoho.com,frenchtavisandhensley.info,4/15/2025
9,Emily Bryant,"Moon, Strickland and Combs",East Normanchester,Seychelles,430-401-5228,emily.bryant@aol.com,moonstricklandcombs.net,4/30/2025
10,Marie Estrada,May Inc,Welchton,United Arab Emirates,1-648-790-9244,marie.estrada@att.net,mayinc.org,5/14/2025
11,Nichole Cannon,Rios and Sons,West Devon,Burundi,647-787-7401,nichole.cannon@msn.com,riosandsons.biz,5/29/2025
12,Bernard Ritter,Bradford and Sons,West Francisco,Palau,292-313-1902,bernard.ritter@comcast.net,bradfordandsons.co,6/13/2025
13,Darryl Archer,Kerr-Cherry,Holtfurt,Uganda,389-437-1716,darryl.archer@verizon.net,kerr-cherry.net,6/28/2025
14,Ryan Li,"Hooper, Cross and Holt",Batesville,Liechtenstein,1-119-787-0125,ryan.li@bell.net,hoopercrossandholt.org,7/13/2025
15,Vicki Nunez,"Leonard, Galvan and Blackburn",Barbaraborough,Haiti,217-474-0312,vicki.nunez@btinternet.com,leonardgalvanandblackburn.biz,7/28/2025
16,Sean Townsend,Preston-Sosa,Velasquezberg,Iran,1-534-283-5153,sean.townsend@tiscali.co.uk,preston-sosa.net,8/12/2025
17,Sophia Mathis,Richard-Velasquez,Toddhaven,Switzerland,1-858-762-7896,sophia.mathis@ymail.com,richard-velasquez.org,8/27/2025
18,Helen Potts,"Rangel, Livingston and Patel",Douglasland,Seychelles,140-862-2659,helen.potts@mail.com,rangellivingstonpatel.info,9/10/2025
19,Joann Finley,Harvey PLC,Barrettshire,Montserrat,941-715-8720,joann.finley@rediffmail.com,harveyplc.net,9/25/2025
20,Thomas Walsh,Best-Thomas,Roblesport,Kiribati,679-326-0724,thomas.walsh@sbcglobal.net,best-thomas.co,10/10/2025
21,Cristina Lam,Watts-Allison,West Jocelynfort,Korea,429-270-5811,cristina.lam@freenet.de,watts-allison.biz,10/25/2025
22,Vicki Heath,"Cherry, Schultz and Ruiz",Port Cameronbury,Bangladesh,889-311-5580,vicki.heath@wanadoo.fr,cherryschultzandruiz.org,11/9/2025
23,Glenn Wang,Warner-Hodge,West Rachael,Gabon,834-104-6424,glenn.wang@libero.it,warner-hodge.info,11/24/2025
24,Darius Benitez,Giles LLC,Mejiashire,Jersey,1-797-864-3151,darius.benitez@t-online.de,gilesllc.net,12/9/2025
25,Xavier Cruz,Wiley Ltd,Mindyborough,Latvia,19-418-8625,xavier.cruz@orange.fr,wileyltd.org,12/24/2025
26,Douglas Galloway,Duffy Inc,Eileenbury,Mongolia,1-205-528-2409,douglas.galloway@cox.net,duffyinc.biz,1/7/2026
27,Phyllis Becker,Oneal and Sons,East Andre,Bouvet Island (Bouvetoya),477-949-12345,phyllis.becker@charter.net,onealandsons.co,1/22/2026
28,Ebony Murphy,Barry-Martinez,Atkinsfurt,Vanuatu,772-492-3142,ebony.murphy@sky.com,barry-martinez.net,2/6/2026
29,Tyler Stevenson,Burns and Sons,North Joannashire,Sri Lanka,1-239-175-8518,tyler.stevenson@verizon.com,burnsandsons.org,2/21/2026
30,Cesar Bernard,Potter-Ho,Mccormickville,Iraq,165-366-3660,cesar.bernard@earthlink.net,potter-ho.info,3/8/2026
31,Darrell Santos,Boone-Dawson,Lake Dwayne,Liechtenstein,001-604-858-6371,darrell.santos@email.com,boonedawson.co,3/23/2026
32,Amanda Santiago,Roberts-Heath,Benjaminchester,United Arab Emirates,218-803-3440,amanda.santiago@webmail.com,robertsheath.net,4/7/2026
33,Marcus Mcdonald,Hays-Howell,East Brad,Azerbaijan,828-230-1201,marcus.mcdonald@mailservice.com,hayshowell.org,4/22/2026
34,Lauren Montes,Cohen-Copeland,Tonyville,Armenia,001-999-585-7539,lauren.montes@domain.com,cohencopeland.biz,5/6/2026
35,Brent Hinton,"Petersen, Blackburn and Meyers",Tommyland,Mexico,210-072-7539,brent.hinton@fastmail.com,pbmlegal.co,5/21/2026
36,Jill Mayo,"Woodard, Haas and Mason",Port Carlside,Cuba,1-160-747-3624,jill.mayo@service.net,whmgroup.org,6/5/2026
37,Herbert Byrd,Sheppard-Dougherty,Wellington,New Zealand,969-981-1275,herbert.byrd@office.com,shepparddougherty.com,6/20/2026
38,Don Krueger,"Cortez, Hester and Villegas",Melendezland,Guinea,377-366-1889,don.krueger@outlook.com,chvpartners.net,7/5/2026
39,Cheryl Gonzales,Walton-Drake,Pittmanmouth,Kenya,901-614-9714,cheryl.gonzales@businessmail.com,waltondrake.io,7/20/2026
40,Rickey Mays,"Escobar, Carrillo and Sloan",Hollandshire,United States of America,042-976-4714,rickey.mays@mail.com,ecsadvisors.biz,8/4/2026
41,Cassidy Dillon,Coleman LLC,New Ebony,Liechtenstein,001-433-237-3081,cassidy.dillon@company.com,colemanllc.co,8/19/2026
42,Christina Bautista,Lane Ltd,Lake Don,Turks and Caicos Islands,964-671-6776,christina.bautista@provider.net,laneltd.org,9/2/2026
43,Alexandra Castro,"Wall, Clay and Mcintosh",South Lynnton,Swaziland,1-469-312-3108,alexandra.castro@cloudmail.com,wcmlaw.co,9/17/2026
44,Krystal Mendoza,"Logan, Boyle and Villegas",West Henry,Panama,001-116-661-7356,krystal.mendoza@inbox.com,lbvconsultants.net,10/2/2026
45,Ivan Schroeder,"Peck, Nicholson and Knox",Port Grace,Saint Pierre and Miquelon,524-391-9866,ivan.schroeder@domain.net,pnkfirm.org,10/17/2026
46,Stephanie Bradshaw,Tanner LLC,East Paulaville,American Samoa,1-934-296-1820,stephanie.bradshaw@mailservice.org,tannerllc.biz,11/1/2026
47,Levi Grimes,"Carpenter, Chang and Bass",Frederickfurt,Heard Island and McDonald Islands,987-654-7799,levi.grimes@web.net,ccbconsulting.co,11/16/2026
48,Peter Sosa,Hensley and Sons,Donaldton,Sao Tome and Principe,983-760-9410,peter.sosa@businessmail.co,hensleysons.org,12/1/2026
49,Valerie Haney,"Delgado, Rubio and Rose",Harryview,Cuba,001-494-498-9432,valerie.haney@service.org,drrpartners.biz,12/16/2026
50,Tom Gardner,Werner-Bean,New Samuel,Barbados,318-356-6855,tom.gardner@mailservice.net,wernerbean.io,12/31/2026
